geo_q,lat,lon,elev_m,rel_m
名古屋市千種区丸山町1丁目,35.163548,136.946884,33.1,1.33
名古屋市千種区丸山町3丁目,35.161858,136.945709,29.9,5.27
名古屋市千種区唐山町1丁目,35.160133,136.968567,36.4,-3.33
名古屋市千種区唐山町2丁目,35.159191,136.970291,,
名古屋市千種区四谷通1丁目,35.162479,136.963837,29.9,-0.98
名古屋市千種区四谷通2丁目,35.160877,136.964554,40.8,2.2
名古屋市千種区四谷通3丁目,35.158478,136.965607,41.3,0.35
名古屋市千種区園山町1丁目,,,,
名古屋市千種区堀割町1丁目,35.167564,136.949066,34.9,2.97
名古屋市千種区堀割町2丁目,35.167652,136.951019,40.9,3.62
名古屋市千種区姫池通2丁目,35.169628,136.957565,28.2,-6.93
名古屋市千種区山門町1丁目,35.168976,136.953888,43.6,3.8
名古屋市千種区山門町2丁目,35.167667,136.952835,41.8,4.2
名古屋市千種区希望ケ丘3丁目,35.179344,136.972015,64.8,0.88
名古屋市千種区御棚町2丁目,35.162678,136.949905,34.2,4.27
名古屋市千種区徳川山町1丁目,35.172729,136.966812,53.6,3.55
名古屋市千種区徳川山町2丁目,35.170757,136.965942,52.3,6.5
名古屋市千種区徳川山町3丁目,35.170036,136.968185,52.6,10.52
名古屋市千種区徳川山町4丁目,35.172531,136.969131,62.8,12.65
名古屋市千種区徳川山町6丁目,35.17403,136.970596,59.4,3.1
名古屋市千種区新池町1丁目,35.163723,136.974777,55.3,10.2
名古屋市千種区新池町3丁目,35.161304,136.973373,33.5,-8.45
名古屋市千種区日和町1丁目,35.16954,136.965134,48.5,6.35
名古屋市千種区日和町3丁目,35.16766,136.964539,46.1,16.0
名古屋市千種区星が丘元町,35.160549,136.984528,62.0,-5.55
名古屋市千種区星ケ丘2丁目,35.165203,136.990692,69.4,5.63
名古屋市千種区春里町2丁目,35.171116,136.963165,49.7,11.85
名古屋市千種区春里町4丁目,35.169098,136.963715,30.6,-6.15
名古屋市千種区末盛通1丁目,35.166615,136.95343,34.5,1.25
名古屋市千種区末盛通3丁目,35.165531,136.958893,22.7,-3.3
名古屋市千種区本山町1丁目,35.166756,136.965775,27.1,-5.55
名古屋市千種区東山元町2丁目,35.15612,136.97406,64.1,10.15
名古屋市千種区東山元町3丁目,35.154633,136.975479,60.5,1.65
名古屋市千種区東山通3丁目,35.161793,136.969269,29.4,-4.05
名古屋市千種区東山通5丁目,35.159634,136.973602,35.1,-9.1
名古屋市千種区東明町1丁目,35.167187,136.974792,53.6,-1.07
名古屋市千種区東明町3丁目,35.166088,136.973557,63.5,14.1
名古屋市千種区東明町4丁目,35.165367,136.973419,52.2,0.93
名古屋市千種区桐林町1丁目,35.165691,136.946854,27.3,-4.62
名古屋市千種区桜が丘,35.166241,136.988724,78.8,7.42
名古屋市千種区橋本町2丁目,35.164902,136.967331,27.5,-1.07
名古屋市千種区汁谷町,35.184963,136.970337,22.9,-8.4
名古屋市千種区池上町1丁目,35.170635,136.970444,33.8,-11.95
名古屋市千種区池園町2丁目,35.159061,136.963531,34.2,-2.27
; S neighbor from 10m DEM (others 5m laser),,,,
名古屋市千種区法王町1丁目,35.171089,136.955475,44.5,5.65
名古屋市千種区法王町2丁目,35.169567,136.956238,40.1,1.15
名古屋市千種区清住町2丁目,35.163116,136.971222,37.4,1.15
名古屋市千種区清住町3丁目,35.162045,136.970993,30.5,-4.4
名古屋市千種区田代本通2丁目,35.162899,136.955719,20.0,-0.85
名古屋市千種区穂波町3丁目,35.163063,136.958267,21.5,-0.1
名古屋市千種区自由ケ丘2丁目,35.174763,136.965225,55.8,6.7
名古屋市千種区自由ケ丘3丁目,35.176167,136.968369,56.0,-4.98
名古屋市千種区茶屋が坂2丁目,35.184502,136.962982,18.8,-6.0
名古屋市千種区茶屋坂通2丁目,35.183121,136.959366,24.7,1.88
名古屋市千種区菊坂町3丁目,35.16486,136.950531,27.0,-10.62
名古屋市千種区西山元町1丁目,35.170788,136.953262,41.1,4.43
名古屋市千種区赤坂町1丁目,35.182468,136.959473,27.1,2.62
名古屋市千種区鍋屋上野町字汁谷,35.180359,136.963104,38.4,-4.07
名古屋市千種区鏡池通3丁目,35.159321,136.960449,19.3,-10.0
名古屋市千種区霞ケ丘1丁目,35.179295,136.962433,48.0,6.05
名古屋市千種区鹿子町4丁目,35.166428,136.969559,49.7,8.03
名古屋市千種区鹿子町5丁目,35.165806,136.969803,53.2,17.1
名古屋市名東区にじが丘3丁目,,,,
名古屋市名東区一社1丁目,35.166779,136.993912,53.6,-3.03
名古屋市名東区一社2丁目,35.16716,136.99823,47.4,-2.1
名古屋市名東区一社4丁目,35.166573,137.003403,37.5,-0.6
名古屋市名東区上社1丁目,35.173752,137.005753,39.1,-4.07
名古屋市名東区亀の井1丁目,35.16317,136.993881,56.7,0.1
名古屋市名東区亀の井2丁目,35.163662,136.998657,51.2,-1.35
名古屋市名東区社台1丁目,35.17271,136.993851,58.8,1.17
名古屋市名東区社台3丁目,35.172234,137.001999,45.4,0.45
名古屋市名東区高社1丁目,35.169247,136.993301,59.5,0.38
名古屋市名東区高社2丁目,35.170036,136.997604,51.5,-0.15
名古屋市名東区高間町,35.160866,137.001083,49.7,6.38
名古屋市天白区元八事4丁目,35.128975,136.974991,11.7,-3.93
名古屋市天白区元八事5丁目,35.12925,136.977951,11.6,-2.15
名古屋市天白区八事山,35.136135,136.969131,43.8,-11.65
名古屋市天白区八事石坂,35.13483,136.964783,50.0,1.27
名古屋市天白区八幡山,35.132568,136.974091,45.5,7.1
名古屋市天白区表山1丁目,35.130749,136.960648,38.9,7.95
名古屋市天白区表山3丁目,35.127312,136.962173,31.4,9.05
名古屋市天白区音聞山,35.131878,136.967392,49.4,9.07
名古屋市昭和区丸屋町1丁目,35.141335,136.925812,12.7,-0.33
名古屋市昭和区八事富士見,35.144192,136.970306,52.6,-5.48
名古屋市昭和区出口町3丁目,35.144554,136.928406,12.5,-0.18
名古屋市昭和区南分町1丁目,35.14642,136.938965,17.9,0.05
名古屋市昭和区塩付通7丁目,35.139877,136.937851,16.0,-0.3
名古屋市昭和区大和町1丁目,,,,
名古屋市昭和区妙見町,,,,
名古屋市昭和区安田通5丁目,35.153561,136.946442,17.2,-0.35
名古屋市昭和区宮東町,35.154022,136.960007,32.7,-1.67
名古屋市昭和区山手通2丁目,35.14822,136.965363,57.0,0.9
名古屋市昭和区山里町,35.146088,136.962601,38.8,-10.05
名古屋市昭和区川原通3丁目,35.155209,136.95137,17.7,-5.1
名古屋市昭和区川名山町,35.146717,136.958298,37.5,-2.25
名古屋市昭和区川名山町1丁目,35.146908,136.953949,32.4,2.55
名古屋市昭和区広見町2丁目,35.140442,136.927002,13.6,-0.03
名古屋市昭和区広見町4丁目,35.140537,136.929184,14.6,0.05
名古屋市昭和区広見町6丁目,35.140629,136.931702,15.4,0.18
名古屋市昭和区広路本町1丁目,35.148228,136.939194,18.8,0.68
名古屋市昭和区広路町,35.138596,136.958908,39.7,4.15
名古屋市昭和区広路町字梅園,35.136349,136.957199,43.0,4.3
名古屋市昭和区広路町字石坂,35.13953,136.958328,32.6,-3.1
名古屋市昭和区広路町字隼人,35.14035,136.95636,36.7,5.2
名古屋市昭和区御器所通3丁目,35.149593,136.935898,15.1,-0.38
名古屋市昭和区折戸町6丁目,35.154724,136.94783,16.7,-0.05
名古屋市昭和区松風町2丁目,35.146225,136.931244,13.0,-0.43
名古屋市昭和区桜山町3丁目,35.143021,136.933228,15.1,-0.6
名古屋市昭和区桜山町5丁目,35.141304,136.933105,15.8,0.23
名古屋市昭和区池端町2丁目,35.143948,136.93132,14.0,0.05
名古屋市昭和区滝川町,35.143002,136.958786,43.2,8.25
名古屋市昭和区緑町3丁目,35.150383,136.936188,15.5,-0.3
名古屋市昭和区荒田町1丁目,35.140099,136.939224,15.8,0.4
名古屋市昭和区藤成通3丁目,35.141174,136.940216,13.9,-1.38
名古屋市昭和区藤成通5丁目,35.141312,136.942688,12.5,-0.72
名古屋市昭和区長戸町5丁目,35.144516,136.94371,16.1,-0.52
名古屋市昭和区長戸町6丁目,35.144661,136.945053,15.2,-0.9
名古屋市昭和区陶生町2丁目,35.141171,136.936264,16.4,0.22
名古屋市昭和区隼人町,35.142616,136.954361,22.8,-5.25
名古屋市昭和区高峯町,35.149563,136.967682,63.0,0.25
名古屋市東区主税町2丁目,35.180843,136.912399,15.1,-0.4
名古屋市東区代官町,35.176769,136.92276,12.0,-0.05
名古屋市東区徳川1丁目,35.181252,136.9245,14.1,0.38
名古屋市東区東桜1丁目,35.172268,136.911636,11.5,-1.25
名古屋市東区東桜2丁目,35.171875,136.916733,9.9,-0.25
名古屋市東区東片端町,35.178932,136.913681,14.5,0.55
名古屋市東区橦木町1丁目,35.17971,136.912415,15.2,-0.15
名古屋市東区泉1丁目,35.176395,136.911301,15.0,1.22
名古屋市東区泉2丁目,35.176388,136.915787,11.7,-0.1
名古屋市東区泉3丁目,35.176594,136.919006,11.7,0.15
名古屋市東区白壁2丁目,35.184345,136.910828,15.9,3.55
名古屋市東区白壁3丁目,35.185421,136.914825,,
名古屋市東区白壁4丁目,35.182533,136.916183,16.3,0.12
名古屋市東区白壁5丁目,35.182755,136.9207,13.7,-0.6
名古屋市東区芳野1丁目,35.184952,136.921387,14.0,-1.5
名古屋市東区芳野2丁目,35.187092,136.921906,17.3,3.6
名古屋市東区芳野3丁目,35.186424,136.925262,15.5,2.2
名古屋市瑞穂区下山町2丁目,35.124828,136.948318,25.1,3.63
名古屋市瑞穂区丸根町1丁目,35.117073,136.950851,10.7,0.0
名古屋市瑞穂区内方町2丁目,35.122536,136.93866,4.3,-0.6
名古屋市瑞穂区十六町1丁目,35.12886,136.936584,14.6,2.38
名古屋市瑞穂区大殿町1丁目,35.132614,136.939789,15.0,0.9
名古屋市瑞穂区大殿町2丁目,35.132763,136.941101,12.0,-1.07
名古屋市瑞穂区密柑山町1丁目,35.130875,136.950226,28.4,2.02
名古屋市瑞穂区岳見町1丁目,35.12859,136.95546,36.0,7.52
名古屋市瑞穂区岳見町6丁目,35.123508,136.955078,21.2,-1.55
名古屋市瑞穂区川澄町3丁目,35.137222,136.936005,15.6,0.3
名古屋市瑞穂区市丘町1丁目,35.119476,136.94577,21.4,5.72
名古屋市瑞穂区師長町,35.123489,136.945816,13.2,-3.15
名古屋市瑞穂区弥富ケ丘町3丁目,35.123199,136.953354,26.6,2.12
名古屋市瑞穂区弥富町字桜ケ岡,35.131607,136.955704,31.5,-4.3
名古屋市瑞穂区弥富町字清水ケ岡,35.132591,136.951294,22.4,-5.23
名古屋市瑞穂区弥富町字紅葉園,35.133183,136.956818,36.7,-2.35
名古屋市瑞穂区弥富町字緑ケ岡,35.135368,136.955215,43.4,1.73
名古屋市瑞穂区弥富通2丁目,35.117733,136.945312,16.4,2.12
名古屋市瑞穂区弥富通3丁目,35.118095,136.949341,13.7,-1.33
名古屋市瑞穂区御莨町3丁目,35.134262,136.941391,9.8,-5.15
名古屋市瑞穂区御莨町5丁目,35.133293,136.940186,12.6,-2.55
名古屋市瑞穂区日向町4丁目,35.12022,136.951462,20.0,4.35
名古屋市瑞穂区松園町1丁目,35.119183,136.94194,6.3,-3.13
名古屋市瑞穂区桜見町1丁目,35.139851,136.932861,15.4,0.08
名古屋市瑞穂区洲山町2丁目,35.117474,136.93808,4.3,-0.1
名古屋市瑞穂区洲雲町4丁目,35.139362,136.931717,14.9,-0.45
名古屋市瑞穂区片坂町3丁目,35.116344,136.946503,16.7,3.22
名古屋市瑞穂区玉水町1丁目,35.122372,136.960449,8.4,-2.3
名古屋市瑞穂区瑞穂通7丁目,35.121029,136.936111,2.8,-0.5
名古屋市瑞穂区田辺通4丁目,35.126408,136.945587,10.8,-3.1
名古屋市瑞穂区田辺通6丁目,35.120338,136.948746,16.4,-5.7
名古屋市瑞穂区白羽根町1丁目,35.127045,136.936813,12.3,0.62
名古屋市瑞穂区白羽根町2丁目,35.127182,136.938889,14.7,1.4
名古屋市瑞穂区石川町1丁目,35.135422,136.939499,14.3,0.15
名古屋市瑞穂区膳棚町1丁目,35.125225,136.937073,9.9,1.08
名古屋市瑞穂区萩山町1丁目,35.130009,136.941925,10.2,-2.62
名古屋市瑞穂区萩山町2丁目,35.128014,136.942337,12.0,1.65
名古屋市瑞穂区豊岡通3丁目,35.123085,136.940399,5.9,0.83
名古屋市千種区見附町1丁目,35.162052,136.962509,34.6,4.05
名古屋市千種区東山元町1丁目,35.156612,136.972,53.3,-0.95
名古屋市昭和区石仏町1丁目,35.14595,136.936203,16.1,0.43
名古屋市昭和区明月町1丁目,35.147324,136.928009,12.4,0.47
名古屋市昭和区南分町4丁目,35.146397,136.942474,18.6,-0.1
名古屋市昭和区向山町2丁目,35.150486,136.954926,31.7,2.02
名古屋市昭和区八雲町,35.150784,136.96283,45.9,-6.6
名古屋市昭和区楽園町,35.14959,136.958557,38.4,-4.05
名古屋市瑞穂区弥富町字上山,35.132195,136.951614,25.0,-2.68
名古屋市瑞穂区佐渡町1丁目,35.132172,136.936432,13.6,-1.28
名古屋市瑞穂区佐渡町2丁目,35.13168,136.936615,12.9,-1.82
名古屋市瑞穂区弥富町字月見ケ岡,35.12981,136.954636,37.2,3.3
名古屋市名東区丁田町,35.177059,137.004532,60.5,3.7
名古屋市千種区御棚町3丁目,35.161694,136.949646,32.3,6.35
名古屋市千種区姫池通1丁目,35.171577,136.95755,33.1,-9.05
名古屋市昭和区広路通1丁目,35.149456,136.938522,18.1,0.33
名古屋市瑞穂区駒場町6丁目,35.136608,136.931946,14.8,-0.05
