ward,town,chome,elementary,junior_high,note
千種区,青柳町,5～6丁目,春岡小,若水中,
千種区,青柳町,7丁目,千種小,今池中,
千種区,赤坂町,1丁目,上野小、富士見台小,振甫中、千種台中,[TARGET:千種台中] ※区･教
千種区,赤坂町,2～7丁目,上野小,振甫中,
千種区,揚羽町,,富士見台小,千種台中,[TARGET:千種台中]
千種区,朝岡町,1～2丁目,東山小,東星中,[TARGET:東星中]
千種区,朝岡町,3丁目,東山小、見付小,東星中、城山中,[TARGET:城山中/東星中] ※区･教
千種区,池上町,,東山小,東星中,[TARGET:東星中]
千種区,池下町,,高見小,若水中,
千種区,池下,一丁目,高見小,若水中,
千種区,池下,二丁目,高見小,若水中,
千種区,池園町,,見付小,城山中,[TARGET:城山中]
千種区,猪高町,,富士見台小,千種台中,[TARGET:千種台中]
千種区,稲舟通,1丁目,見付小,城山中,[TARGET:城山中]
千種区,稲舟通,2丁目,田代小、見付小,城山中,[TARGET:城山中] ※区
千種区,井上町,,星ケ丘小,東星中,[TARGET:東星中]
千種区,今池,一丁目,千種小,今池中,◎内山小・大和小統合関係
千種区,今池,二丁目,千種小、千石小,今池中,◎内山小・大和小統合関係
千種区,今池,三丁目,千種小,今池中,
千種区,今池,四丁目,みやこ小,振甫中,◎内山小・大和小統合関係
千種区,今池,五丁目,春岡小,若水中,
千種区,今池南,,春岡小、千種小,若水中、今池中,※区
千種区,上野,一丁目,上野小,振甫中,
千種区,上野,二丁目,上野小,振甫中,
千種区,上野,三丁目,上野小,振甫中,
千種区,内山,一丁目,みやこ小,振甫中,◎内山小・大和小統合関係
千種区,内山,二丁目,みやこ小,振甫中,◎内山小・大和小統合関係
千種区,内山,三丁目,みやこ小,振甫中,◎内山小・大和小統合関係
千種区,大久手町,,千種小,今池中,
千種区,大島町,,田代小,城山中,[TARGET:城山中]
千種区,丘上町,,田代小,城山中,[TARGET:城山中]
千種区,御棚町,,田代小,城山中,[TARGET:城山中]
千種区,鏡池通,1～2丁目,田代小,城山中,[TARGET:城山中]
千種区,鏡池通,3～4丁目,見付小,城山中,[TARGET:城山中]
千種区,覚王山通,7丁目,高見小,若水中,
千種区,覚王山通,8～9丁目,田代小,城山中,[TARGET:城山中]
千種区,霞ケ丘,,富士見台小,千種台中,[TARGET:千種台中]
千種区,香流橋,一丁目,千代田橋小,千種中,
千種区,香流橋,二丁目,千代田橋小,千種中,
千種区,鹿子町,,東山小,東星中,[TARGET:東星中]
千種区,鹿子殿,,富士見台小,千種台中,[TARGET:千種台中]
千種区,萱場,一丁目,上野小、みやこ小,振甫中,※区 ◎内山小・大和小統合関係
千種区,萱場,二丁目,上野小,振甫中,
千種区,唐山町,1～2丁目,東山小、見付小,東星中、城山中,[TARGET:城山中/東星中] ※区
千種区,唐山町,3丁目,東山小,東星中,[TARGET:東星中]
千種区,川崎町,,田代小,城山中,[TARGET:城山中]
千種区,観月町,,田代小,城山中,[TARGET:城山中]
千種区,神田町,,高見小、みやこ小,若水中、振甫中,※区 ◎内山小・大和小統合関係
千種区,菊坂町,,田代小,城山中,[TARGET:城山中]
千種区,北千種,一丁目,みやこ小,振甫中,◎内山小・大和小統合関係
千種区,北千種,二丁目,上野小、みやこ小,振甫中,※区 ◎内山小・大和小統合関係
千種区,北千種,三丁目,上野小、みやこ小,振甫中,※区･教 ◎内山小・大和小統合関係
千種区,希望ケ丘,,富士見台小,千種台中,[TARGET:千種台中]
千種区,京命,一丁目,宮根小,千種中、猪子石中,※区･教
千種区,京命,二丁目,宮根小,千種中、猪子石中,※区･教
千種区,清住町,,東山小,東星中,[TARGET:東星中]
千種区,桐林町,,田代小,城山中,[TARGET:城山中]
千種区,楠元町,,東山小,東星中,[TARGET:東星中]
千種区,幸川町,,見付小,城山中,[TARGET:城山中]
千種区,向陽町,,高見小,若水中,
千種区,向陽,一丁目,高見小,若水中,
千種区,古出来,三丁目,上野小、みやこ小,振甫中,※区 ◎内山小・大和小統合関係
千種区,小松町,,千種小,今池中,
千種区,桜が丘,,星ケ丘小,東星中,[TARGET:東星中]
千種区,山門町,,田代小,城山中,[TARGET:城山中]
千種区,下方町,,上野小,振甫中,
千種区,松軒,一丁目,みやこ小,振甫中,◎内山小・大和小統合関係
千種区,松軒,二丁目,みやこ小,振甫中,◎内山小・大和小統合関係
千種区,松竹町,,見付小,城山中,[TARGET:城山中]
千種区,汁谷町,,富士見台小,千種台中,[TARGET:千種台中]
千種区,城木町,,春岡小,若水中,
千種区,城山町,,田代小,城山中,[TARGET:城山中]
千種区,城山新町,,自由ケ丘小,千種台中,[TARGET:千種台中]
千種区,新池町,,東山小,東星中,[TARGET:東星中]
千種区,新栄,三丁目,千石小,今池中,
千種区,新西,一丁目,千代田橋小,千種中,
千種区,新西,二丁目,千代田橋小,千種中,
千種区,振甫町,,高見小,若水中,
千種区,自由ケ丘,,自由ケ丘小,千種台中,[TARGET:千種台中]
千種区,末盛通,1～3丁目,田代小,城山中,[TARGET:城山中]
千種区,末盛通,4丁目,見付小、東山小,城山中、東星中,[TARGET:城山中/東星中] ※区
千種区,末盛通,5丁目,見付小、東山小,城山中、東星中,[TARGET:城山中/東星中] ※区･教
千種区,清明山,一丁目,上野小,振甫中,
千種区,清明山,二丁目,上野小,振甫中,
千種区,園山町,1丁目,東山小、見付小,東星中、城山中,[TARGET:城山中/東星中] ※区･教
千種区,園山町,2～3丁目,見付小,城山中,[TARGET:城山中]
千種区,高見,一丁目,高見小,若水中,
千種区,高見,二丁目,高見小,若水中,
千種区,竹越,一丁目,千代田橋小,千種中,
千種区,竹越,二丁目,千代田橋小,千種中,
千種区,田代町,字岩谷,高見小,若水中,
千種区,田代町,字鹿子殿,東山小,東星中,[TARGET:東星中]
千種区,田代町,字瓶入,星ケ丘小,東星中,[TARGET:東星中]
千種区,田代町,字四観音道西,田代小、高見小,城山中、若水中,[TARGET:城山中] ※区
千種区,田代町,字四観音道東,田代小,城山中,[TARGET:城山中]
千種区,田代町,字蝮池上,高見小,若水中,
千種区,田代本通,,田代小,城山中,[TARGET:城山中]
千種区,谷口町,,上野小,振甫中,
千種区,千種,一丁目,千種小、千石小,今池中,※区
千種区,千種,二丁目,千石小,今池中,
千種区,千種,三丁目,千種小、千石小,今池中,※区
千種区,千種町,字赤塚,千種小,今池中,
千種区,千種町,字茂左裏,高見小,若水中,
千種区,千種通,,千種小,今池中,
千種区,茶屋坂通,1丁目,上野小,振甫中,
千種区,茶屋坂通,2丁目,上野小、富士見台小,振甫中、千種台中,[TARGET:千種台中] ※区･教
千種区,茶屋が坂,一丁目,上野小,振甫中,
千種区,茶屋が坂,二丁目,富士見台小,千種台中,[TARGET:千種台中]
千種区,千代が丘,,宮根小,千種中、猪子石中,※区･教
千種区,千代田橋,一丁目,千代田橋小,千種中,
千種区,千代田橋,二丁目,千代田橋小,千種中,
千種区,月ケ丘,,上野小,振甫中,
千種区,月見坂町,,田代小,城山中,[TARGET:城山中]
千種区,天白町,,星ケ丘小,東星中,[TARGET:東星中]
千種区,天満通,,上野小,振甫中,
千種区,東明町,,東山小,東星中,[TARGET:東星中]
千種区,徳川山町,1～2丁目,自由ケ丘小,千種台中,[TARGET:千種台中]
千種区,徳川山町,3丁目,東山小、自由ケ丘小,東星中、千種台中,[TARGET:東星中/千種台中] ※区
千種区,徳川山町,4丁目,東山小、自由ケ丘小,東星中、千種台中,[TARGET:東星中/千種台中] ※区･教
千種区,徳川山町,5～6丁目,自由ケ丘小,千種台中,[TARGET:千種台中]
千種区,仲田,一丁目,高見小,若水中,
千種区,仲田,二丁目,高見小,若水中,
千種区,鍋屋上野町,字北山,富士見台小,千種台中,[TARGET:千種台中]
千種区,鍋屋上野町,字汁谷,富士見台小,千種台中,[TARGET:千種台中]
千種区,鍋屋上野町,字東脇,上野小,振甫中,
千種区,南明町,,田代小,城山中,[TARGET:城山中]
千種区,仁座町,,見付小,城山中,[TARGET:城山中]
千種区,西崎町,,田代小,城山中,[TARGET:城山中]
千種区,西山元町,,田代小,城山中,[TARGET:城山中]
千種区,日進通,1丁目,春岡小,若水中,
千種区,日進通,2～6丁目,田代小,城山中,[TARGET:城山中]
千種区,猫洞通,,東山小,東星中,[TARGET:東星中]
千種区,萩岡町,,見付小,城山中,[TARGET:城山中]
千種区,橋本町,,東山小,東星中,[TARGET:東星中]
千種区,花田町,,千石小,今池中,
千種区,春岡通,5～6丁目,春岡小,若水中,
千種区,春岡通,7丁目,千種小,今池中,
千種区,春岡,一丁目,春岡小,若水中,
千種区,春岡,二丁目,春岡小,若水中,
千種区,春里町,,自由ケ丘小,千種台中,[TARGET:千種台中]
千種区,光が丘,一丁目,富士見台小、宮根小,千種台中、千種中,[TARGET:千種台中] ※区
千種区,光が丘,二丁目,富士見台小、宮根小,千種台中、千種中,[TARGET:千種台中] ※区
千種区,東千種台,,千代田橋小,千種中,
千種区,東山通,1丁目,東山小、見付小,東星中、城山中,[TARGET:城山中/東星中] ※区･教
千種区,東山通,2～5丁目,東山小,東星中,[TARGET:東星中]
千種区,東山元町,,見付小,城山中,[TARGET:城山中]
千種区,日岡町,,田代小,城山中,[TARGET:城山中]
千種区,姫池通,,田代小,城山中,[TARGET:城山中]
千種区,日和町,1丁目,東山小、自由ケ丘小,東星中、千種台中,[TARGET:東星中/千種台中] ※区
千種区,日和町,2～5丁目,東山小,東星中,[TARGET:東星中]
千種区,吹上,一丁目,千石小,今池中,
千種区,吹上,二丁目,千種小、千石小,今池中,※区･教
千種区,富士見台,,富士見台小,千種台中,[TARGET:千種台中]
千種区,不老町,,見付小,城山中,[TARGET:城山中]
千種区,平和が丘,三丁目,星ケ丘小,東星中,[TARGET:東星中]
千種区,平和公園,一丁目,東山小、富士見台小,東星中、千種台中,[TARGET:東星中/千種台中] ※区
千種区,平和公園,二丁目,東山小、富士見台小,東星中、千種台中,[TARGET:東星中/千種台中] ※区
千種区,平和公園,三丁目,東山小,東星中,[TARGET:東星中]
千種区,法王町,,田代小,城山中,[TARGET:城山中]
千種区,豊年町,,みやこ小,振甫中,※区 ◎内山小・大和小統合関係
千種区,星ケ丘,,星ケ丘小,東星中,[TARGET:東星中]
千種区,星が丘元町,,星ケ丘小,東星中,[TARGET:東星中]
千種区,星が丘山手,,星ケ丘小,東星中,[TARGET:東星中]
千種区,穂波町,,田代小,城山中,[TARGET:城山中]
千種区,堀割町,,田代小,城山中,[TARGET:城山中]
千種区,本山町,,東山小,東星中,[TARGET:東星中]
千種区,丸山町,,田代小,城山中,[TARGET:城山中]
千種区,御影町,,富士見台小,千種台中,[TARGET:千種台中]
千種区,見附町,,見付小,城山中,[TARGET:城山中]
千種区,南ケ丘,,上野小,振甫中,
千種区,宮根台,一丁目,宮根小,千種中,
千種区,宮根台,二丁目,宮根小,千種中,
千種区,宮の腰町,,上野小,振甫中,
千種区,山添町,,田代小,城山中,[TARGET:城山中]
千種区,四谷通,1～2丁目,東山小、見付小,東星中、城山中,[TARGET:城山中/東星中] ※区･教
千種区,四谷通,3丁目,見付小,城山中,[TARGET:城山中]
千種区,若水,一丁目,高見小,若水中,
千種区,若水,二丁目,高見小,若水中,
千種区,若水,三丁目,高見小、上野小,若水中、振甫中,※区
東区,相生町,,山吹小、東白壁小,冨士中,[TARGET:冨士中] ※
東区,葵,一丁目,葵小,あずま中,
東区,葵,二丁目,葵小,あずま中,
東区,葵,三丁目,葵小,あずま中,
東区,赤塚町,,東白壁小,冨士中,[TARGET:冨士中]
東区,飯田町,,山吹小,冨士中,[TARGET:冨士中]
東区,泉,一丁目,東桜小、山吹小,冨士中,[TARGET:冨士中] ※
東区,泉,二丁目,東桜小、山吹小,冨士中,[TARGET:冨士中] ※
東区,泉,三丁目,東桜小、山吹小、東白壁小、葵小,冨士中、あずま中,[TARGET:冨士中] ※
東区,大曽根,一丁目,旭丘小,桜丘中,
東区,大曽根,二丁目,旭丘小,桜丘中,
東区,大松町,,明倫小,桜丘中,
東区,上竪杉町,,山吹小,冨士中,[TARGET:冨士中]
東区,車道町,,筒井小,あずま中,
東区,黒門町,,筒井小,あずま中,
東区,古出来,一丁目,明倫小,桜丘中,
東区,古出来,二丁目,明倫小,桜丘中,
東区,古出来,三丁目,矢田小,矢田中,
東区,三の丸,四丁目,山吹小,冨士中,[TARGET:冨士中]
東区,橦木町,,山吹小,冨士中,[TARGET:冨士中]
東区,白壁,一丁目,山吹小,冨士中,[TARGET:冨士中]
東区,白壁,二丁目,山吹小,冨士中,[TARGET:冨士中]
東区,白壁,三丁目,山吹小、東白壁小,冨士中,[TARGET:冨士中] ※
東区,白壁,四丁目,山吹小、東白壁小,冨士中,[TARGET:冨士中] ※
東区,白壁,五丁目,山吹小、東白壁小,冨士中,[TARGET:冨士中] ※
東区,新出来,一丁目,旭丘小、明倫小,桜丘中,※
東区,新出来,二丁目,明倫小,桜丘中,
東区,砂田橋,一丁目,砂田橋小,矢田中,
東区,砂田橋,二丁目,砂田橋小,矢田中,
東区,砂田橋,三丁目,砂田橋小,矢田中,
東区,砂田橋,四丁目,砂田橋小,矢田中,
東区,砂田橋,五丁目,砂田橋小,矢田中,
東区,代官町,,筒井小、葵小、東白壁小,あずま中、冨士中,[TARGET:冨士中] ※
東区,大幸,一丁目,矢田小,矢田中,
東区,大幸,二丁目,矢田小,矢田中,
東区,大幸,三丁目,矢田小,矢田中,
東区,大幸,四丁目,矢田小,矢田中,
東区,大幸南,一丁目,矢田小,矢田中,
東区,大幸南,二丁目,矢田小,矢田中,
東区,主税町,2～3丁目,山吹小,冨士中,[TARGET:冨士中]
東区,主税町,4丁目,山吹小、東白壁小,冨士中,[TARGET:冨士中] ※
東区,筒井町,4丁目,筒井小,あずま中,
東区,筒井,一丁目,筒井小,あずま中,
東区,筒井,二丁目,筒井小、葵小,あずま中,※
東区,筒井,三丁目,筒井小、葵小,あずま中,※
東区,出来町,一丁目,明倫小,桜丘中,
東区,出来町,二丁目,明倫小,桜丘中,
東区,出来町,三丁目,明倫小、矢田小,桜丘中、矢田中,※
東区,徳川町,,旭丘小,桜丘中,
東区,徳川,一丁目,旭丘小、東白壁小,桜丘中、冨士中,[TARGET:冨士中] ※
東区,徳川,二丁目,旭丘小,桜丘中,
東区,豊前町,,筒井小,あずま中,
東区,東大曽根町,,旭丘小,桜丘中,
東区,東片端町,,山吹小,冨士中,[TARGET:冨士中]
東区,東桜,一丁目,東桜小,冨士中,[TARGET:冨士中]
東区,東桜,二丁目,東桜小、葵小,冨士中、あずま中,[TARGET:冨士中] ※
東区,東外堀町,,東桜小,冨士中,[TARGET:冨士中]
東区,久屋町,,東桜小,冨士中,[TARGET:冨士中]
東区,百人町,,筒井小,あずま中,
東区,前浪町,,矢田小,矢田中,
東区,明倫町,,明倫小,桜丘中,
東区,矢田,一丁目,矢田小,矢田中,
東区,矢田,二丁目,矢田小,矢田中,
東区,矢田,三丁目,矢田小,矢田中,
東区,矢田,四丁目,矢田小,矢田中,
東区,矢田,五丁目,矢田小,矢田中,
東区,矢田東,,矢田小,矢田中,
東区,矢田南,一丁目,明倫小、矢田小,桜丘中、矢田中,※
東区,矢田南,二丁目,矢田小,矢田中,
東区,矢田南,三丁目,矢田小,矢田中,
東区,矢田南,四丁目,矢田小,矢田中,
東区,矢田南,五丁目,矢田小,矢田中,
東区,山口町,,旭丘小,桜丘中,
東区,芳野,一丁目,山吹小、東白壁小,冨士中,[TARGET:冨士中] ※
東区,芳野,二丁目,東白壁小,冨士中,[TARGET:冨士中]
東区,芳野,三丁目,旭丘小、東白壁小,桜丘中、冨士中,[TARGET:冨士中] ※
昭和区,曙町,1～2丁目,吹上小,北山中,
昭和区,曙町,3丁目,吹上小、広路小,北山中、駒方中,※
昭和区,阿由知通,1～2丁目,吹上小,北山中,
昭和区,阿由知通,3丁目,吹上小、松栄小、御器所小,北山中、桜山中,[TARGET:桜山中] ※
昭和区,阿由知通,4～5丁目,松栄小、御器所小,桜山中,[TARGET:桜山中] ※
昭和区,荒田町,,松栄小,桜山中,[TARGET:桜山中]
昭和区,伊勝町,,伊勝小,川名中,[TARGET:川名中]
昭和区,池端町,,御器所小,桜山中,[TARGET:桜山中]
昭和区,石仏町,,松栄小,桜山中,[TARGET:桜山中]
昭和区,永金町,,御器所小,桜山中,[TARGET:桜山中]
昭和区,恵方町,1～2丁目,御器所小,桜山中,[TARGET:桜山中]
昭和区,恵方町,3丁目,松栄小,桜山中,[TARGET:桜山中]
昭和区,円上町,,村雲小,円上中,
昭和区,折戸町,,川原小,川名中,[TARGET:川名中]
昭和区,神村町,,伊勝小,川名中,[TARGET:川名中]
昭和区,上山町,,八事小,駒方中,
昭和区,川名町,,広路小,駒方中,
昭和区,川名本町,,広路小,駒方中,
昭和区,川名山町,,滝川小,川名中,[TARGET:川名中]
昭和区,川原通,1～6丁目,川原小,川名中,[TARGET:川名中]
昭和区,川原通,7丁目,広路小、川原小,駒方中、川名中,[TARGET:川名中] ※
昭和区,川原通,8丁目,広路小,駒方中,
昭和区,菊園町,,松栄小,桜山中,[TARGET:桜山中]
昭和区,北山町,1～2丁目,吹上小,北山中,
昭和区,北山町,3丁目,吹上小、広路小,北山中、駒方中,※
昭和区,北山本町,,吹上小,北山中,
昭和区,車田町,,吹上小,北山中,
昭和区,紅梅町,1～2丁目,御器所小,桜山中,[TARGET:桜山中]
昭和区,紅梅町,3丁目,松栄小,桜山中,[TARGET:桜山中]
昭和区,小坂町,1～2丁目,吹上小,北山中,
昭和区,小坂町,3丁目,吹上小、広路小,北山中、駒方中,※
昭和区,小桜町,1～2丁目,吹上小,北山中,
昭和区,小桜町,3丁目,松栄小,桜山中,[TARGET:桜山中]
昭和区,駒方町,,八事小,駒方中,
昭和区,御器所,一丁目,村雲小,円上中,
昭和区,御器所,二丁目,村雲小,円上中,
昭和区,御器所,三丁目,村雲小、御器所小,円上中、桜山中,[TARGET:桜山中] ※
昭和区,御器所,四丁目,村雲小、御器所小,円上中、桜山中,[TARGET:桜山中] ※
昭和区,御器所町,,鶴舞小,北山中,
昭和区,御器所通,1～2丁目,御器所小,桜山中,[TARGET:桜山中]
昭和区,御器所通,3丁目,松栄小,桜山中,[TARGET:桜山中]
昭和区,五軒家町,,八事小,駒方中,
昭和区,桜山町,,松栄小、御器所小,桜山中,[TARGET:桜山中] ※
昭和区,塩付通,1丁目,広路小,駒方中,
昭和区,塩付通,2丁目,松栄小、広路小,桜山中、駒方中,[TARGET:桜山中] ※
昭和区,塩付通,3～7丁目,松栄小,桜山中,[TARGET:桜山中]
昭和区,汐見町,,八事小,駒方中,
昭和区,下構町,,松栄小,桜山中,[TARGET:桜山中]
昭和区,白金,一丁目,白金小,円上中,
昭和区,白金,二丁目,白金小,円上中,
昭和区,白金,三丁目,白金小,円上中,
昭和区,田面町,,川原小,川名中,[TARGET:川名中]
昭和区,高辻町,,白金小,円上中,
昭和区,高峯町,,滝川小,川名中,[TARGET:川名中]
昭和区,滝川町,,滝川小,川名中,[TARGET:川名中]
昭和区,滝子町,,村雲小,円上中,
昭和区,滝子通,1～3丁目,村雲小,円上中,
昭和区,滝子通,4丁目,御器所小,桜山中,[TARGET:桜山中]
昭和区,台町,1～2丁目,御器所小,桜山中,[TARGET:桜山中]
昭和区,台町,3丁目,松栄小,桜山中,[TARGET:桜山中]
昭和区,檀溪通,1～2丁目,広路小、八事小,駒方中,※
昭和区,檀溪通,3～4丁目,松栄小,桜山中,[TARGET:桜山中]
昭和区,檀溪通,5丁目,松栄小、八事小,桜山中、駒方中,[TARGET:桜山中] ※
昭和区,鶴羽町,1～2丁目,吹上小,北山中,
昭和区,鶴羽町,3丁目,松栄小,桜山中,[TARGET:桜山中]
昭和区,鶴舞町,,鶴舞小,北山中,
昭和区,鶴舞,一丁目,鶴舞小,北山中,
昭和区,鶴舞,二丁目,鶴舞小,北山中,
昭和区,鶴舞,三丁目,鶴舞小,北山中,
昭和区,鶴舞,四丁目,鶴舞小,北山中,
昭和区,天神町,1～2丁目,御器所小,桜山中,[TARGET:桜山中]
昭和区,天神町,3丁目,松栄小,桜山中,[TARGET:桜山中]
昭和区,出口町,,御器所小,桜山中,[TARGET:桜山中]
昭和区,東郊通,,村雲小,円上中,
昭和区,陶生町,,松栄小,桜山中,[TARGET:桜山中]
昭和区,東畑町,,御器所小,桜山中,[TARGET:桜山中]
昭和区,戸田町,,松栄小,桜山中,[TARGET:桜山中]
昭和区,長池町,,松栄小,桜山中,[TARGET:桜山中]
昭和区,長戸町,,松栄小,桜山中,[TARGET:桜山中]
昭和区,西畑町,,川原小,川名中,[TARGET:川名中]
昭和区,萩原町,,川原小,川名中,[TARGET:川名中]
昭和区,狭間町,,鶴舞小,北山中,
昭和区,花見通,1丁目,広路小、川原小,駒方中、川名中,[TARGET:川名中] ※
昭和区,花見通,2～3丁目,八事小、滝川小,駒方中、川名中,[TARGET:川名中] ※
昭和区,隼人町,,八事小、滝川小,駒方中、川名中,[TARGET:川名中] ※
昭和区,広池町,,御器所小,桜山中,[TARGET:桜山中]
昭和区,広路町,字石坂,八事小、滝川小,駒方中、川名中,[TARGET:川名中] ※
昭和区,広路町,字梅園,八事小,駒方中,
昭和区,広路町,字北石坂,滝川小,川名中,[TARGET:川名中]
昭和区,広路町,字松風園,八事小,駒方中,
昭和区,広路町,字隼人,八事小,駒方中,
昭和区,広路町,字雲雀ヶ岡,八事小,駒方中,
昭和区,広路町,字南山,八事小,駒方中,
昭和区,広路通,1丁目,松栄小,桜山中,[TARGET:桜山中]
昭和区,広路通,2～8丁目,広路小,駒方中,
昭和区,広路本町,1～3丁目,松栄小,桜山中,[TARGET:桜山中]
昭和区,広路本町,4～6丁目,広路小,駒方中,
昭和区,広瀬町,1～2丁目,吹上小,北山中,
昭和区,広瀬町,3丁目,吹上小、広路小,北山中、駒方中,※
昭和区,広見町,,御器所小,桜山中,[TARGET:桜山中]
昭和区,吹上町,,吹上小,北山中,
昭和区,吹上,一丁目,鶴舞小,北山中,
昭和区,吹上,二丁目,吹上小,北山中,
昭和区,福江,一丁目,白金小,円上中,
昭和区,福江,二丁目,白金小,円上中,
昭和区,福江,三丁目,白金小,円上中,
昭和区,福原町,,伊勝小,川名中,[TARGET:川名中]
昭和区,藤成通,,松栄小,桜山中,[TARGET:桜山中]
昭和区,前山町,,伊勝小,川名中,[TARGET:川名中]
昭和区,松風町,1～2丁目,御器所小,桜山中,[TARGET:桜山中]
昭和区,松風町,3丁目,松栄小,桜山中,[TARGET:桜山中]
昭和区,丸屋町,,御器所小,桜山中,[TARGET:桜山中]
昭和区,緑町,1～2丁目,吹上小,北山中,
昭和区,緑町,3丁目,松栄小,桜山中,[TARGET:桜山中]
昭和区,南山町,,八事小,駒方中,
昭和区,南分町,1～3丁目,松栄小,桜山中,[TARGET:桜山中]
昭和区,南分町,4～6丁目,松栄小、広路小,桜山中、駒方中,[TARGET:桜山中] ※
昭和区,宮東町,,伊勝小,川名中,[TARGET:川名中]
昭和区,妙見町,,滝川小,川名中,[TARGET:川名中]
昭和区,向山町,,川原小,川名中,[TARGET:川名中]
昭和区,村雲町,,村雲小,円上中,
昭和区,明月町,1～2丁目,御器所小,桜山中,[TARGET:桜山中]
昭和区,明月町,3丁目,松栄小,桜山中,[TARGET:桜山中]
昭和区,元宮町,,川原小,川名中,[TARGET:川名中]
昭和区,八雲町,,伊勝小,川名中,[TARGET:川名中]
昭和区,八事富士見,,滝川小,川名中,[TARGET:川名中]
昭和区,八事本町,,滝川小,川名中,[TARGET:川名中]
昭和区,安田通,,広路小、川原小,駒方中、川名中,[TARGET:川名中] ※
昭和区,山里町,,滝川小,川名中,[TARGET:川名中]
昭和区,大和町,,松栄小,桜山中,[TARGET:桜山中]
昭和区,山中町,1丁目,川原小,川名中,[TARGET:川名中]
昭和区,山中町,2丁目,滝川小,川名中,[TARGET:川名中]
昭和区,山手通,,滝川小,川名中,[TARGET:川名中]
昭和区,山花町,,川原小,川名中,[TARGET:川名中]
昭和区,山脇町,,鶴舞小,北山中,
昭和区,雪見町,1～2丁目,吹上小,北山中,
昭和区,雪見町,3丁目,吹上小、広路小,北山中、駒方中,※
昭和区,楽園町,,伊勝小,川名中,[TARGET:川名中]
昭和区,若柳町,1～2丁目,御器所小,桜山中,[TARGET:桜山中]
昭和区,若柳町,3丁目,松栄小,桜山中,[TARGET:桜山中]
瑞穂区,荒崎町,,穂波小,田光中,
瑞穂区,石川町,,汐路小,汐路中,[TARGET:汐路中]
瑞穂区,石田町,,豊岡小,萩山中,[TARGET:萩山中]
瑞穂区,市丘町,,弥富小,萩山中,[TARGET:萩山中]
瑞穂区,井戸田町,,井戸田小,津賀田中,
瑞穂区,井の元町,,中根小,萩山中,[TARGET:萩山中]
瑞穂区,茨木町,,弥富小,萩山中,[TARGET:萩山中]
瑞穂区,浮島町,,穂波小,田光中,
瑞穂区,牛巻町,,高田小,瑞穂ヶ丘中,
瑞穂区,内方町,,豊岡小,萩山中,[TARGET:萩山中]
瑞穂区,内浜町,,穂波小,田光中,
瑞穂区,太田町,,御劔小,瑞穂ヶ丘中,
瑞穂区,御莨町,,汐路小,汐路中,[TARGET:汐路中]
瑞穂区,大殿町,,汐路小,汐路中,[TARGET:汐路中]
瑞穂区,鍵田町,,瑞穂小、井戸田小,津賀田中,※
瑞穂区,柏木町,,陽明小,汐路中,[TARGET:汐路中]
瑞穂区,片坂町,1丁目,弥富小,萩山中,[TARGET:萩山中]
瑞穂区,片坂町,2～3丁目,中根小,萩山中,[TARGET:萩山中]
瑞穂区,甲山町,,瑞穂小,津賀田中,
瑞穂区,釜塚町,,弥富小,萩山中,[TARGET:萩山中]
瑞穂区,上坂町,,堀田小,田光中,
瑞穂区,神穂町,,穂波小,田光中,
瑞穂区,神前町,,瑞穂小,津賀田中,
瑞穂区,上山町,,陽明小,汐路中,[TARGET:汐路中]
瑞穂区,亀城町,,御劔小,瑞穂ヶ丘中,
瑞穂区,河岸町,,井戸田小,津賀田中,
瑞穂区,河岸,一丁目,穂波小,田光中,
瑞穂区,川澄町,,汐路小,汐路中,[TARGET:汐路中]
瑞穂区,雁道町,,御劔小,瑞穂ヶ丘中,
瑞穂区,北原町,1丁目,御劔小、高田小、瑞穂小,瑞穂ヶ丘中、津賀田中,※
瑞穂区,北原町,2～3丁目,瑞穂小,津賀田中,
瑞穂区,軍水町,1丁目,弥富小、中根小,萩山中,[TARGET:萩山中] ※
瑞穂区,軍水町,2～3丁目,中根小,萩山中,[TARGET:萩山中]
瑞穂区,駒場町,,汐路小,汐路中,[TARGET:汐路中]
瑞穂区,桜見町,,汐路小,汐路中,[TARGET:汐路中]
瑞穂区,薩摩町,1丁目,高田小、瑞穂小,瑞穂ヶ丘中、津賀田中,※
瑞穂区,薩摩町,2丁目,瑞穂小,津賀田中,
瑞穂区,佐渡町,,汐路小,汐路中,[TARGET:汐路中]
瑞穂区,塩入町,,穂波小,田光中,
瑞穂区,汐路町,1～3丁目,汐路小,汐路中,[TARGET:汐路中]
瑞穂区,汐路町,4～5丁目,豊岡小,萩山中,[TARGET:萩山中]
瑞穂区,下坂町,1～2丁目,堀田小,田光中,
瑞穂区,下坂町,3～4丁目,堀田小、瑞穂小、井戸田小,田光中、津賀田中,※
瑞穂区,下山町,1丁目,陽明小,汐路中,[TARGET:汐路中]
瑞穂区,下山町,2丁目,弥富小、陽明小,萩山中、汐路中,[TARGET:汐路中/萩山中] ※
瑞穂区,春敲町,,高田小,瑞穂ヶ丘中,
瑞穂区,松月町,,汐路小,汐路中,[TARGET:汐路中]
瑞穂区,白砂町,,中根小,萩山中,[TARGET:萩山中]
瑞穂区,白羽根町,,豊岡小,萩山中,[TARGET:萩山中]
瑞穂区,新開町,,堀田小、穂波小、高田小,田光中、瑞穂ヶ丘中,※
瑞穂区,洲雲町,,汐路小,汐路中,[TARGET:汐路中]
瑞穂区,須田町,,御劔小,瑞穂ヶ丘中,
瑞穂区,洲山町,,豊岡小,萩山中,[TARGET:萩山中]
瑞穂区,関取町,,中根小,萩山中,[TARGET:萩山中]
瑞穂区,膳棚町,,豊岡小,萩山中,[TARGET:萩山中]
瑞穂区,惣作町,1丁目,堀田小,田光中,
瑞穂区,惣作町,2丁目,堀田小、井戸田小,田光中、津賀田中,※
瑞穂区,惣作町,3丁目,井戸田小,津賀田中,
瑞穂区,十六町,,豊岡小,萩山中,[TARGET:萩山中]
瑞穂区,大喜町,,瑞穂小,津賀田中,
瑞穂区,大喜新町,1丁目,高田小,瑞穂ヶ丘中,
瑞穂区,大喜新町,2丁目,堀田小、高田小,田光中、瑞穂ヶ丘中,※
瑞穂区,大喜新町,3～4丁目,高田小,瑞穂ヶ丘中,
瑞穂区,高田町,,汐路小,汐路中,[TARGET:汐路中]
瑞穂区,高辻町,,御劔小,瑞穂ヶ丘中,
瑞穂区,竹田町,,御劔小,瑞穂ヶ丘中,
瑞穂区,岳見町,1丁目,陽明小,汐路中,[TARGET:汐路中]
瑞穂区,岳見町,2丁目,弥富小、陽明小,萩山中、汐路中,[TARGET:汐路中/萩山中] ※
瑞穂区,岳見町,3丁目,陽明小,汐路中,[TARGET:汐路中]
瑞穂区,岳見町,4～6丁目,弥富小,萩山中,[TARGET:萩山中]
瑞穂区,田光町,1丁目,堀田小,田光中,
瑞穂区,田光町,2丁目,堀田小、瑞穂小,田光中、津賀田中,※
瑞穂区,田光町,3丁目,瑞穂小,津賀田中,
瑞穂区,田辺通,1～2丁目,汐路小、陽明小,汐路中,[TARGET:汐路中] ※
瑞穂区,田辺通,3～4丁目,陽明小,汐路中,[TARGET:汐路中]
瑞穂区,田辺通,5～6丁目,弥富小,萩山中,[TARGET:萩山中]
瑞穂区,玉水町,,弥富小,萩山中,[TARGET:萩山中]
瑞穂区,檀渓通,,汐路小、陽明小,汐路中,[TARGET:汐路中] ※印の有無は抽出で未確認
瑞穂区,津賀田町,,瑞穂小,津賀田中,
瑞穂区,佃町,1丁目,堀田小、井戸田小,田光中、津賀田中,※
瑞穂区,佃町,2丁目,井戸田小,津賀田中,
瑞穂区,土市町,,井戸田小,津賀田中,
瑞穂区,東栄町,,汐路小,汐路中,[TARGET:汐路中]
瑞穂区,豊岡通,1～2丁目,瑞穂小,津賀田中,
瑞穂区,豊岡通,3丁目,豊岡小,萩山中,[TARGET:萩山中]
瑞穂区,苗代町,,穂波小,田光中,
瑞穂区,直来町,,高田小,瑞穂ヶ丘中,
瑞穂区,中根町,,中根小,萩山中,[TARGET:萩山中]
瑞穂区,中山町,,汐路小,汐路中,[TARGET:汐路中]
瑞穂区,西ノ割町,1丁目,高田小、瑞穂小,瑞穂ヶ丘中、津賀田中,※
瑞穂区,西ノ割町,2～3丁目,瑞穂小,津賀田中,
瑞穂区,仁所町,,中根小,萩山中,[TARGET:萩山中]
瑞穂区,萩山町,,豊岡小,萩山中,[TARGET:萩山中]
瑞穂区,白龍町,1丁目,瑞穂小、井戸田小,津賀田中,※
瑞穂区,白龍町,2丁目,瑞穂小,津賀田中,
瑞穂区,白龍町,3丁目,瑞穂小、井戸田小,津賀田中,※
瑞穂区,八勝通,1丁目,陽明小,汐路中,[TARGET:汐路中]
瑞穂区,八勝通,2丁目,弥富小、陽明小,萩山中、汐路中,[TARGET:汐路中/萩山中] ※
瑞穂区,八勝通,3丁目,弥富小、陽明小,萩山中、汐路中,[TARGET:汐路中/萩山中] ※
瑞穂区,初日町,,汐路小,汐路中,[TARGET:汐路中]
瑞穂区,花目町,,堀田小,田光中,
瑞穂区,春山町,,陽明小,汐路中,[TARGET:汐路中]
瑞穂区,日向町,,弥富小,萩山中,[TARGET:萩山中]
瑞穂区,姫宮町,,井戸田小,津賀田中,
瑞穂区,二野町,,御劔小、高田小,瑞穂ヶ丘中,※
瑞穂区,船原町,,御劔小,瑞穂ヶ丘中,
瑞穂区,平郷町,,高田小,瑞穂ヶ丘中,
瑞穂区,宝田町,,高田小,瑞穂ヶ丘中,
瑞穂区,堀田通,1～3丁目,御劔小,瑞穂ヶ丘中,
瑞穂区,堀田通,4～6丁目,高田小,瑞穂ヶ丘中,
瑞穂区,堀田通,7～9丁目,堀田小,田光中,
瑞穂区,本願寺町,1丁目,高田小、瑞穂小,瑞穂ヶ丘中、津賀田中,※
瑞穂区,本願寺町,2～3丁目,瑞穂小,津賀田中,
瑞穂区,前田町,,瑞穂小,津賀田中,
瑞穂区,牧町,,瑞穂小,津賀田中,
瑞穂区,松栄町,,陽明小,汐路中,[TARGET:汐路中]
瑞穂区,松園町,,弥富小,萩山中,[TARGET:萩山中]
瑞穂区,豆田町,,高田小,瑞穂ヶ丘中,
瑞穂区,丸根町,,中根小,萩山中,[TARGET:萩山中]
瑞穂区,密柑山町,,陽明小,汐路中,[TARGET:汐路中]
瑞穂区,瑞穂町,字川澄,汐路小,汐路中,[TARGET:汐路中]
瑞穂区,瑞穂町,字下ノ切,御劔小,瑞穂ヶ丘中,
瑞穂区,瑞穂町,字高田,汐路小,汐路中,[TARGET:汐路中]
瑞穂区,瑞穂町,字田光,瑞穂小,津賀田中,
瑞穂区,瑞穂通,1～2丁目,汐路小,汐路中,[TARGET:汐路中]
瑞穂区,瑞穂通,3～8丁目,豊岡小、瑞穂小、井戸田小,萩山中、津賀田中,[TARGET:萩山中] ※
瑞穂区,御劔町,,御劔小,瑞穂ヶ丘中,
瑞穂区,南山町,,陽明小,汐路中,[TARGET:汐路中]
瑞穂区,妙音通,,井戸田小,津賀田中,
瑞穂区,村上町,,汐路小,汐路中,[TARGET:汐路中]
瑞穂区,明前町,,穂波小,田光中,
瑞穂区,桃園町,,穂波小,田光中,
瑞穂区,師長町,,弥富小、陽明小,萩山中、汐路中,[TARGET:汐路中/萩山中] ※
瑞穂区,弥富ケ丘町,,弥富小,萩山中,[TARGET:萩山中]
瑞穂区,弥富町,字茨山,弥富小,萩山中,[TARGET:萩山中]
瑞穂区,弥富町,字上山,陽明小,汐路中,[TARGET:汐路中]
瑞穂区,弥富町,字紅葉園,陽明小,汐路中,[TARGET:汐路中]
瑞穂区,弥富町,字桜ヶ岡,陽明小,汐路中,[TARGET:汐路中]
瑞穂区,弥富町,字清水ヶ岡,陽明小,汐路中,[TARGET:汐路中]
瑞穂区,弥富町,字月見ヶ岡,陽明小,汐路中,[TARGET:汐路中]
瑞穂区,弥富町,字円山,陽明小,汐路中,[TARGET:汐路中]
瑞穂区,弥富町,字密柑山,陽明小,汐路中,[TARGET:汐路中]
瑞穂区,弥富町,字緑ヶ岡,陽明小,汐路中,[TARGET:汐路中]
瑞穂区,弥富通,1丁目,弥富小,萩山中,[TARGET:萩山中]
瑞穂区,弥富通,2～5丁目,弥富小、中根小,萩山中,[TARGET:萩山中] ※
瑞穂区,柳ケ枝町,1丁目,堀田小,田光中,
瑞穂区,柳ケ枝町,2丁目,堀田小、井戸田小,田光中、津賀田中,※
瑞穂区,柳ケ枝町,3丁目,井戸田小,津賀田中,
瑞穂区,山下通,,弥富小,萩山中,[TARGET:萩山中]
瑞穂区,陽明町,,陽明小,汐路中,[TARGET:汐路中]
名東区,赤松台,,香流小,香流中,
名東区,明が丘,,藤が丘小,藤森中,
名東区,朝日が丘,,藤が丘小,藤森中,
名東区,石が根町,,本郷小,藤森中,
名東区,猪高町,大字上社字井堀,上社小,上社中,
名東区,猪高町,大字高針字極楽,極楽小,高針台中,[TARGET:高針台中]
名東区,猪高町,大字高針字牧,牧の原小,牧の池中,
名東区,猪高町,大字高針字山ノ中,前山小,牧の池中,
名東区,猪高町,大字藤森字香流,本郷小、豊が丘小,藤森中,※
名東区,猪高町,大字藤森字森,本郷小、豊が丘小,藤森中,※
名東区,猪高台,一丁目,猪子石小,猪高中,[TARGET:猪高中]
名東区,猪高台,二丁目,猪高小,猪高中,[TARGET:猪高中]
名東区,一社,一丁目,名東小,神丘中,[TARGET:神丘中]
名東区,一社,二丁目,名東小,神丘中,[TARGET:神丘中]
名東区,一社,三丁目,名東小,神丘中,[TARGET:神丘中]
名東区,一社,四丁目,名東小、貴船小,神丘中、高針台中,[TARGET:神丘中/高針台中] ※
名東区,猪子石,一丁目,猪子石小,猪高中,[TARGET:猪高中]
名東区,猪子石,二丁目,猪子石小,猪高中,[TARGET:猪高中]
名東区,猪子石,三丁目,猪子石小,猪高中,[TARGET:猪高中]
名東区,猪子石原,一丁目,香流小,香流中,
名東区,猪子石原,二丁目,香流小,香流中,
名東区,猪子石原,三丁目,香流小、引山小,香流中,※
名東区,植園町,1～3丁目,西山小,神丘中,[TARGET:神丘中]
名東区,梅森坂,一丁目,前山小,牧の池中,
名東区,梅森坂,二丁目,梅森坂小、前山小,牧の池中,※
名東区,梅森坂,三丁目,梅森坂小、前山小,牧の池中,※
名東区,梅森坂,四丁目,梅森坂小,牧の池中,
名東区,梅森坂,五丁目,梅森坂小,牧の池中,
名東区,梅森坂西,一丁目,梅森坂小,牧の池中,
名東区,梅森坂西,二丁目,梅森坂小,牧の池中,
名東区,延珠町,,引山小,香流中,
名東区,扇町,1～3丁目,西山小,神丘中,[TARGET:神丘中]
名東区,大針,一丁目,極楽小,高針台中,[TARGET:高針台中]
名東区,大針,二丁目,極楽小,高針台中,[TARGET:高針台中]
名東区,大針,三丁目,極楽小,高針台中,[TARGET:高針台中]
名東区,香流,一丁目,香流小,香流中,
名東区,香流,二丁目,香流小,香流中,
名東区,香流,三丁目,香流小,香流中,
名東区,神丘町,1～3丁目,西山小,神丘中,[TARGET:神丘中]
名東区,神里,一丁目,高針小、名東小,高針台中、神丘中,[TARGET:神丘中/高針台中] ※
名東区,神里,二丁目,西山小,神丘中,[TARGET:神丘中]
名東区,上菅,一丁目,北一社小,猪高中,[TARGET:猪高中]
名東区,上菅,二丁目,北一社小,猪高中,[TARGET:猪高中]
名東区,上社,一丁目,猪高小,猪高中,[TARGET:猪高中]
名東区,上社,二丁目,猪高小、本郷小,猪高中、藤森中,[TARGET:猪高中] ※
名東区,上社,三丁目,上社小,上社中,
名東区,上社,四丁目,上社小,上社中,
名東区,上社,五丁目,上社小,上社中,
名東区,亀の井,一丁目,名東小,神丘中,[TARGET:神丘中]
名東区,亀の井,二丁目,名東小,神丘中,[TARGET:神丘中]
名東区,亀の井,三丁目,名東小、貴船小,神丘中、高針台中,[TARGET:神丘中/高針台中] ※
名東区,貴船,一丁目,貴船小、上社小,高針台中、上社中,[TARGET:高針台中] ※
名東区,貴船,二丁目,貴船小、上社小,高針台中、上社中,[TARGET:高針台中] ※
名東区,貴船,三丁目,貴船小、上社小,高針台中、上社中,[TARGET:高針台中] ※
名東区,小池町,,藤が丘小,藤森中,
名東区,小井堀町,,上社小,上社中,
名東区,香坂,,香流小,香流中,
名東区,香南,一丁目,引山小,香流中,
名東区,香南,二丁目,引山小,香流中,
名東区,極楽,一丁目,極楽小,高針台中,[TARGET:高針台中]
名東区,極楽,二丁目,極楽小,高針台中,[TARGET:高針台中]
名東区,極楽,三丁目,極楽小,高針台中,[TARGET:高針台中]
名東区,極楽,四丁目,極楽小,高針台中,[TARGET:高針台中]
名東区,極楽,五丁目,高針小,高針台中,[TARGET:高針台中]
名東区,桜が丘,,平和が丘小,猪子石中,
名東区,山香町,,西山小,神丘中,[TARGET:神丘中]
名東区,神月町,,香流小,香流中,
名東区,新宿,一丁目,高針小,高針台中,[TARGET:高針台中]
名東区,新宿,二丁目,前山小,牧の池中,
名東区,勢子坊,一丁目,貴船小,高針台中,[TARGET:高針台中]
名東区,勢子坊,二丁目,貴船小,高針台中,[TARGET:高針台中]
名東区,勢子坊,三丁目,貴船小,高針台中,[TARGET:高針台中]
名東区,勢子坊,四丁目,貴船小,高針台中,[TARGET:高針台中]
名東区,代万町,1～3丁目,西山小,神丘中,[TARGET:神丘中]
名東区,高針,一丁目,高針小,高針台中,[TARGET:高針台中]
名東区,高針,二丁目,高針小,高針台中,[TARGET:高針台中]
名東区,高針,三丁目,高針小,高針台中,[TARGET:高針台中]
名東区,高針,四丁目,高針小,高針台中,[TARGET:高針台中]
名東区,高針,五丁目,高針小,高針台中,[TARGET:高針台中]
名東区,高針荒田,,西山小、牧の原小,神丘中、牧の池中,[TARGET:神丘中] ※
名東区,高針台,一丁目,極楽小,高針台中,[TARGET:高針台中]
名東区,高針台,二丁目,極楽小,高針台中,[TARGET:高針台中]
名東区,高針台,三丁目,極楽小,高針台中,[TARGET:高針台中]
名東区,高針原,一丁目,牧の原小,牧の池中,
名東区,高針原,二丁目,牧の原小,牧の池中,
名東区,高間町,,名東小、貴船小,神丘中、高針台中,[TARGET:神丘中/高針台中] ※
名東区,高社,一丁目,北一社小,猪高中,[TARGET:猪高中]
名東区,高社,二丁目,北一社小,猪高中,[TARGET:猪高中]
名東区,高柳町,,豊が丘小,藤森中,
名東区,宝が丘,,藤が丘小,藤森中,
名東区,丁田町,,猪高小,猪高中,[TARGET:猪高中]
名東区,つつじが丘,,蓬来小,猪子石中,
名東区,照が丘,,藤が丘小,藤森中,
名東区,天神下,,香流小,香流中,
名東区,富が丘,,藤が丘小,藤森中,
名東区,にじが丘,1～3丁目,西山小,神丘中,[TARGET:神丘中]
名東区,西里町,1～5丁目,西山小,神丘中,[TARGET:神丘中]
名東区,西山台,,西山小,神丘中,[TARGET:神丘中]
名東区,西山本通,1～3丁目,西山小,神丘中,[TARGET:神丘中]
名東区,望が丘,,藤が丘小,藤森中,
名東区,野間町,,高針小,高針台中,[TARGET:高針台中]
名東区,八前,一丁目,蓬来小,猪子石中,
名東区,八前,二丁目,蓬来小,猪子石中,
名東区,八前,三丁目,平和が丘小,猪子石中,
名東区,引山,一丁目,引山小,香流中,
名東区,引山,二丁目,引山小,香流中,
名東区,引山,三丁目,引山小,香流中,
名東区,引山,四丁目,引山小,香流中,
名東区,姫若町,,上社小,上社中,
名東区,藤香町,,豊が丘小,藤森中,
名東区,藤が丘,,藤が丘小,藤森中,
名東区,藤里町,,豊が丘小,藤森中,
名東区,藤巻町,1～3丁目,西山小,神丘中,[TARGET:神丘中]
名東区,藤見が丘,,藤が丘小,藤森中,
名東区,藤森,一丁目,猪高小,猪高中,[TARGET:猪高中]
名東区,藤森,二丁目,本郷小,藤森中,
名東区,藤森西町,,本郷小、豊が丘小,藤森中,※
名東区,文教台,一丁目,猪子石小,猪高中,[TARGET:猪高中]
名東区,文教台,二丁目,猪子石小,猪高中,[TARGET:猪高中]
名東区,平和が丘,一丁目,平和が丘小,猪子石中,
名東区,平和が丘,二丁目,平和が丘小,猪子石中,
名東区,平和が丘,三丁目,平和が丘小,猪子石中,
名東区,平和が丘,四丁目,平和が丘小,猪子石中,
名東区,平和が丘,五丁目,平和が丘小,猪子石中,
名東区,本郷,一丁目,本郷小,藤森中,
名東区,本郷,二丁目,本郷小,藤森中,
名東区,本郷,三丁目,本郷小,藤森中,
名東区,牧の里,一丁目,前山小,牧の池中,
名東区,牧の里,二丁目,前山小,牧の池中,
名東区,牧の里,三丁目,前山小,牧の池中,
名東区,牧の原,一丁目,牧の原小,牧の池中,
名東区,牧の原,二丁目,牧の原小,牧の池中,
名東区,牧の原,三丁目,牧の原小,牧の池中,
名東区,松井町,,高針小,高針台中,[TARGET:高針台中]
名東区,名東本町,,星ケ丘小,神丘中、東星中,[TARGET:神丘中/東星中] ※
名東区,名東本通,1～2丁目,西山小,神丘中,[TARGET:神丘中]
名東区,名東本通,3～5丁目,西山小、名東小,神丘中,[TARGET:神丘中] ※
名東区,社が丘,一丁目,上社小,上社中,
名東区,社が丘,二丁目,上社小,上社中,
名東区,社が丘,三丁目,貴船小、上社小,高針台中、上社中,[TARGET:高針台中] ※
名東区,社が丘,四丁目,上社小,上社中,
名東区,社口,一丁目,北一社小,猪高中,[TARGET:猪高中]
名東区,社口,二丁目,猪高小,猪高中,[TARGET:猪高中]
名東区,社台,一丁目,北一社小,猪高中,[TARGET:猪高中]
名東区,社台,二丁目,北一社小,猪高中,[TARGET:猪高中]
名東区,社台,三丁目,猪高小,猪高中,[TARGET:猪高中]
名東区,山の手,一丁目,香流小,香流中,
名東区,山の手,二丁目,香流小,香流中,
名東区,山の手,三丁目,香流小,香流中,
名東区,豊が丘,,豊が丘小,藤森中,
名東区,よもぎ台,一丁目,蓬来小,猪子石中,
名東区,よもぎ台,二丁目,蓬来小,猪子石中,
名東区,よもぎ台,三丁目,蓬来小、北一社小,猪子石中、猪高中,[TARGET:猪高中] ※
名東区,陸前町,,貴船小,高針台中,[TARGET:高針台中]
名東区,若葉台,,蓬来小,猪子石中,
天白区,相川,一丁目,野並小、相生小,南天白中、久方中,※
天白区,相川,二丁目,相生小,久方中,※
天白区,荒池,一丁目,平針小,平針中,
天白区,荒池,二丁目,平針小,平針中,
天白区,井口,一丁目,植田南小,植田中,
天白区,井口,二丁目,植田東小,植田中,
天白区,池場,一丁目,天白小,天白中,
天白区,池場,二丁目,天白小,天白中,
天白区,池場,三丁目,天白小,天白中,
天白区,池場,四丁目,天白小,天白中,
天白区,池場,五丁目,天白小,天白中,
天白区,池見,一丁目,八事東小,御幸山中,[TARGET:御幸山中]
天白区,池見,二丁目,八事東小,御幸山中,[TARGET:御幸山中]
天白区,一本松,一丁目,植田小,植田中,
天白区,一本松,二丁目,植田小,植田中,
天白区,井の森町,,野並小,南天白中,
天白区,植田,一丁目,植田南小,植田中,
天白区,植田,二丁目,植田南小,植田中,
天白区,植田,三丁目,植田南小,植田中,
天白区,植田西,一丁目,植田小,植田中,
天白区,植田西,二丁目,植田小,植田中,
天白区,植田西,三丁目,植田南小,植田中,
天白区,植田東,一丁目,植田小、植田東小,植田中,※
天白区,植田東,二丁目,植田東小,植田中,
天白区,植田東,三丁目,植田東小,植田中,
天白区,植田本町,一丁目,植田小,植田中,
天白区,植田本町,二丁目,植田小,植田中,
天白区,植田本町,三丁目,植田南小,植田中,
天白区,植田南,一丁目,植田南小,植田中,
天白区,植田南,二丁目,植田南小,植田中,
天白区,植田南,三丁目,植田南小,植田中,
天白区,植田山,一丁目,大坪小,御幸山中,[TARGET:御幸山中]
天白区,植田山,二丁目,大坪小,御幸山中,[TARGET:御幸山中]
天白区,植田山,三丁目,大坪小,御幸山中,[TARGET:御幸山中]
天白区,植田山,四丁目,大坪小,御幸山中,[TARGET:御幸山中]
天白区,植田山,五丁目,大坪小,御幸山中,[TARGET:御幸山中]
天白区,梅が丘,一丁目,植田北小,植田中,
天白区,梅が丘,二丁目,植田北小,植田中,
天白区,梅が丘,三丁目,植田東小,植田中,
天白区,梅が丘,四丁目,植田東小,植田中,
天白区,梅が丘,五丁目,植田東小,植田中,
天白区,海老山町,,山根小,天白中,
天白区,大坪,一丁目,大坪小,御幸山中,[TARGET:御幸山中]
天白区,大坪,二丁目,大坪小,御幸山中,[TARGET:御幸山中]
天白区,大根町,,たかしま小,久方中,
天白区,音聞山,,八事東小、表山小,御幸山中,[TARGET:御幸山中] ※
天白区,表台,,八事東小、表山小,御幸山中,[TARGET:御幸山中] ※
天白区,表山,一丁目,表山小,御幸山中,[TARGET:御幸山中]
天白区,表山,二丁目,表山小,御幸山中,[TARGET:御幸山中]
天白区,表山,三丁目,表山小,御幸山中,[TARGET:御幸山中]
天白区,鴻の巣,一丁目,植田北小,植田中,
天白区,鴻の巣,二丁目,植田北小,植田中,
天白区,御前場町,,たかしま小,久方中,
天白区,境根町,,相生小,久方中,
天白区,笹原町,,野並小,南天白中,
天白区,山郷町,,天白小,天白中,
天白区,塩釜口,一丁目,大坪小,御幸山中,[TARGET:御幸山中]
天白区,塩釜口,二丁目,大坪小,御幸山中,[TARGET:御幸山中]
天白区,島田,一丁目,天白小,天白中,
天白区,島田,二丁目,天白小,天白中,
天白区,島田,三丁目,天白小,天白中,
天白区,島田,四丁目,天白小,天白中,
天白区,島田,五丁目,天白小,天白中,
天白区,島田が丘,,たかしま小,久方中,
天白区,島田黒石,,たかしま小,久方中,
天白区,菅田,一丁目,山根小,天白中,
天白区,菅田,二丁目,山根小,天白中,
天白区,菅田,三丁目,山根小,天白中,
天白区,高坂町,,たかしま小,久方中,
天白区,高島,一丁目,平針小、たかしま小,平針中、久方中,※
天白区,高島,二丁目,たかしま小、黒石小,久方中、神沢中,※ 卒業まで黒石小に在籍している児童は神沢中にも入学できる
天白区,高宮町,,天白小、山根小,天白中,※
天白区,土原,一丁目,天白小,天白中,
天白区,土原,二丁目,天白小,天白中,
天白区,土原,三丁目,天白小,天白中,
天白区,土原,四丁目,天白小、たかしま小,天白中、久方中,※
天白区,土原,五丁目,天白小,天白中,
天白区,天白町,大字島田字黒石,天白小、たかしま小,天白中、久方中,※
天白区,天白町,大字島田字山ノ杁,天白小,天白中,
天白区,天白町,大字野並字相生,野並小、相生小,南天白中、久方中,※
天白区,天白町,大字野並字稲田,野並小,南天白中,
天白区,天白町,大字野並字欠ノ上,野並小,南天白中,
天白区,天白町,大字野並字上大塚,野並小,南天白中,
天白区,天白町,大字野並字上新田,野並小,南天白中,
天白区,天白町,大字野並字北沢,野並小,南天白中,
天白区,天白町,大字野並字境根,相生小,久方中,
天白区,天白町,大字野並字笹原,野並小,南天白中,
天白区,天白町,大字野並字山ノ神,野並小,南天白中,
天白区,天白町,大字平針字荒池下,平針小、平針南小,平針中,※
天白区,天白町,大字平針字上原,原小,原中,
天白区,天白町,大字平針字大堤下,平針小,平針中,
天白区,天白町,大字平針字大根ヶ越,平針小,平針中,
天白区,天白町,大字平針字黒石,平針小、平針南小、原小,平針中、原中,※
天白区,天白町,大字平針字奴女里川,平針小,平針中,
天白区,天白町,大字八事字裏山,大坪小,御幸山中,[TARGET:御幸山中]
天白区,天白町,大字八事字東萱野,大坪小,御幸山中,[TARGET:御幸山中]
天白区,天白町,大字八事字山田,大坪小,御幸山中,[TARGET:御幸山中]
天白区,道明町,,八事東小,御幸山中,[TARGET:御幸山中]
天白区,中砂町,,八事東小,御幸山中,[TARGET:御幸山中]
天白区,中坪町,,野並小,南天白中,
天白区,中平,一丁目,原小,原中,
天白区,中平,二丁目,原小,原中,
天白区,中平,三丁目,平針小,平針中,
天白区,中平,四丁目,平針小,平針中,
天白区,中平,五丁目,原小,原中,
天白区,西入町,,山根小,天白中,
天白区,野並,一丁目,野並小,南天白中,
天白区,野並,二丁目,野並小,南天白中,
天白区,野並,三丁目,野並小,南天白中,
天白区,野並,四丁目,野並小,南天白中,
天白区,八幡山,,八事東小、表山小,御幸山中,[TARGET:御幸山中] ※
天白区,原,一丁目,平針北小,原中,
天白区,原,二丁目,原小,原中,
天白区,原,三丁目,原小,原中,
天白区,原,四丁目,原小,原中,
天白区,原,五丁目,原小,原中,
天白区,久方,一丁目,相生小,久方中,
天白区,久方,二丁目,たかしま小、相生小、桃山小,久方中、神沢中,※
天白区,久方,三丁目,たかしま小、相生小、桃山小,久方中、神沢中,※
天白区,一つ山,1丁目,天白小、山根小,天白中,※
天白区,一つ山,2～4丁目,山根小,天白中,
天白区,一つ山,5丁目,天白小、山根小,天白中,※
天白区,平針,一丁目,平針北小,原中,
天白区,平針,二丁目,平針北小,原中,
天白区,平針,三丁目,平針小、平針北小,平針中、原中,※
天白区,平針,四丁目,平針小,平針中,
天白区,平針,五丁目,平針小,平針中,
天白区,平針台,一丁目,平針南小,平針中,
天白区,平針台,二丁目,平針南小,平針中,
天白区,平針南,一丁目,平針南小,平針中,
天白区,平針南,二丁目,平針南小,平針中,
天白区,平針南,三丁目,平針南小,平針中,
天白区,平針南,四丁目,平針南小,平針中,
天白区,福池,一丁目,野並小,南天白中,
天白区,福池,二丁目,野並小,南天白中,
天白区,古川町,,野並小,南天白中,
天白区,保呂町,,天白小、山根小,天白中,※
天白区,御幸山,,八事東小、表山小,御幸山中,[TARGET:御幸山中] ※
天白区,向が丘,一丁目,平針小,平針中,
天白区,向が丘,二丁目,平針小,平針中,
天白区,向が丘,三丁目,平針小、平針南小,平針中,※
天白区,向が丘,四丁目,平針小,平針中,
天白区,元植田,一丁目,植田小,植田中,
天白区,元植田,二丁目,植田小,植田中,
天白区,元植田,三丁目,植田小,植田中,
天白区,元八事,一丁目,八事東小,御幸山中,[TARGET:御幸山中]
天白区,元八事,二丁目,八事東小,御幸山中,[TARGET:御幸山中]
天白区,元八事,三丁目,八事東小,御幸山中,[TARGET:御幸山中]
天白区,元八事,四丁目,八事東小,御幸山中,[TARGET:御幸山中]
天白区,元八事,五丁目,八事東小、大坪小,御幸山中,[TARGET:御幸山中] ※
天白区,焼山,一丁目,植田北小,植田中,
天白区,焼山,二丁目,植田北小,植田中,
天白区,八事石坂,,表山小,御幸山中,[TARGET:御幸山中]
天白区,八事天道,,表山小,御幸山中,[TARGET:御幸山中]
天白区,八事山,,表山小、大坪小,御幸山中,[TARGET:御幸山中] ※
天白区,山根町,,山根小,天白中,
天白区,弥生が岡,,表山小,御幸山中,[TARGET:御幸山中]
天白区,横町,,天白小,天白中,
