station,lat,lng,listings
覚王山,35.1665803,136.953421,44
高岳,35.1741964,136.915749,44
本山,35.1635087,136.9636192,30
東山公園,35.1604847,136.972808,24
桜山,35.1395431,136.9334003,23
一社,35.1682815,136.99594,20
八事,35.1369267,136.9642489,18
自由ケ丘,35.1755977,136.9667184,17
瑞穂運動場東,35.123091,136.948696,17
いりなか,35.1433813,136.9551961,15
星ケ丘,35.1624736,136.9853181,12
茶屋ケ坂,35.1844632,136.9624203,10
名古屋大学,35.1545979,136.9667496,10
八事日赤,35.1446425,136.9649315,10
塩釜口,35.1324576,136.9781551,9
総合リハビリセンター,35.1304792,136.9545005,8
瑞穂運動場西,35.1249516,136.9354468,8
池下,35.1677248,136.9467498,7
久屋大通,35.173741,136.9077766,7
森下,35.1883697,136.9292931,7
川名,35.1488491,136.9476799,7
瑞穂区役所,35.1320651,136.934419,7
車道,35.1734182,136.9294456,6
御器所,35.1495501,136.9336499,6
新瑞橋,35.1177303,136.9372247,6
清水,35.1871239,136.9137708,5
尼ケ坂,35.1878906,136.9192182,6
上社,35.1735115,137.0066501,5
